survival_time_days,survival_event,cox_risk_score,risk_group
376.0,1.0,0.8903293610793543,Low risk
271.0,0.0,1.1011537923110026,High risk
1189.0,1.0,1.9310526951647173,High risk
1142.0,1.0,1.084204584868307,High risk
398.0,1.0,0.8372750707837483,Low risk
427.0,1.0,1.3534248118948997,High risk
91.0,1.0,0.7617463769281013,Low risk
831.0,1.0,0.7745997177846569,Low risk
3.0,0.0,0.521923626740103,Low risk
701.0,1.0,0.726208481446953,Low risk
1007.0,1.0,1.3354379990994263,High risk
913.0,1.0,0.721334612932627,Low risk
286.0,1.0,0.7483759359667591,Low risk
487.0,1.0,1.6879783611392922,High risk
344.0,1.0,0.6766910108013061,Low risk
715.0,1.0,0.9024249849483575,Low risk
1006.0,1.0,0.8030030505029081,Low risk
754.0,1.0,0.8711544002786159,Low risk
279.0,1.0,0.9414520544028783,Low risk
893.0,1.0,1.0387991973417914,High risk
1.0,1.0,1.8116632128456645,High risk
143.0,1.0,0.9039088714952037,Low risk
860.0,1.0,1.1115335631009857,High risk
303.0,1.0,1.6365011528059348,High risk
109.0,1.0,2.0795294736403505,High risk
287.0,1.0,1.2251382957849086,High risk
594.0,1.0,0.8309469746348863,Low risk
1695.0,0.0,0.8120604306177737,Low risk
323.0,1.0,1.4826240986833938,High risk
371.0,1.0,1.4421262428829325,High risk
560.0,1.0,1.1358663514084624,High risk
596.0,1.0,0.9264449314843608,Low risk
211.0,1.0,1.118166068708626,High risk
5.0,0.0,0.8348945396988574,Low risk
415.0,1.0,0.9392529939061659,Low risk
1189.0,0.0,0.527113402200686,Low risk
760.0,1.0,0.7243222409598477,Low risk
290.0,1.0,1.1650446549016211,High risk
430.0,1.0,1.052961958804207,High risk
399.0,0.0,1.385612594789043,High risk
1198.0,1.0,0.9821144086628453,High risk
479.0,0.0,0.8877795746219056,Low risk
1824.0,0.0,0.5265805574202965,Low risk
186.0,1.0,0.7581983854258877,Low risk
610.0,1.0,0.7213764459906682,Low risk
743.0,1.0,1.0427390215296077,High risk
1592.0,0.0,0.633603945503525,Low risk
1874.0,1.0,0.8743026355021165,Low risk
118.0,1.0,0.7347226775122746,Low risk
398.0,1.0,0.8828890945414333,Low risk
761.0,1.0,0.8725058664054222,Low risk
764.0,1.0,2.045589249346517,High risk
393.0,1.0,1.2802108007103064,High risk
594.0,0.0,0.6695240978615844,Low risk
196.0,1.0,1.272035543189323,High risk
58.0,1.0,0.9604180153364937,High risk
358.0,1.0,0.9639917776075521,High risk
609.0,0.0,0.8973007252147476,Low risk
1262.0,1.0,0.9435856275701856,Low risk
190.0,1.0,0.8171983672023,Low risk
435.0,1.0,0.7568851391597434,Low risk
225.0,1.0,1.003435517824288,High risk
1752.0,0.0,0.7593099893043084,Low risk
1041.0,1.0,1.0696944709460137,High risk
455.0,1.0,1.0861773140580018,High risk
1798.0,0.0,0.7594945940855188,Low risk
791.0,1.0,1.3126675603061078,High risk
599.0,1.0,1.7171051516888243,High risk
249.0,1.0,0.7911643256285099,Low risk
1777.0,0.0,1.0439891834443669,High risk
32.0,0.0,0.7955487021238505,Low risk
335.0,1.0,1.4088176324927066,High risk
550.0,0.0,0.7201498189962844,Low risk
1152.0,1.0,1.4094517724714004,High risk
1082.0,1.0,0.9500455843305113,High risk
613.0,1.0,1.0996717802519291,High risk
603.0,1.0,0.847669134847973,Low risk
400.0,1.0,1.085833058533736,High risk
1590.0,1.0,0.5786497770230352,Low risk
246.0,1.0,0.9367935159659062,Low risk
123.0,1.0,1.2903541027724554,High risk
1068.0,0.0,0.896419503079919,Low risk
680.0,1.0,1.1041564099668744,High risk
1170.0,1.0,1.3830265014032024,High risk
422.0,1.0,0.9407237469633123,Low risk
740.0,0.0,0.6267819163411258,Low risk
718.0,1.0,1.6906675108102691,High risk
20.0,1.0,0.835503298163612,Low risk
305.0,1.0,0.6472193486531084,Low risk
1035.0,1.0,0.704784332249255,Low risk
68.0,1.0,0.7317434264224004,Low risk
286.0,1.0,0.9747467715845728,High risk
635.0,1.0,1.5316657841200987,High risk
276.0,1.0,0.8573584264350588,Low risk
11.0,1.0,1.0157930914094586,High risk
20.0,1.0,0.7323872007377689,Low risk
632.0,1.0,0.6917845763114938,Low risk
300.0,1.0,0.6942329974156375,Low risk
1858.0,0.0,1.0079093220192088,High risk
261.0,0.0,1.125323876645585,High risk
369.0,0.0,0.9049130182069464,Low risk
348.0,1.0,1.456281636651393,High risk
394.0,1.0,1.199847252419996,High risk
1209.0,1.0,0.9899898416368762,High risk
547.0,1.0,1.282838365656499,High risk
449.0,0.0,1.468054585227447,High risk
78.0,0.0,0.7078484536500164,Low risk
20.0,1.0,0.9346634824112762,Low risk
243.0,1.0,0.5820225456883683,Low risk
440.0,1.0,1.0981219905103525,High risk
8.0,1.0,1.8182065604669861,High risk
1065.0,1.0,0.801123869867792,Low risk
1481.0,1.0,0.8640515087207727,Low risk
1533.0,1.0,1.0257545039428966,High risk
288.0,1.0,1.0474565839532755,High risk
991.0,1.0,1.1647194421862892,High risk
732.0,1.0,0.977256418508438,High risk
1352.0,1.0,1.040063796401682,High risk
88.0,1.0,0.920414547972959,Low risk
650.0,1.0,1.2803654689443782,High risk
1590.0,1.0,1.3801239048375236,High risk
426.0,0.0,0.6656087737346964,Low risk
294.0,1.0,0.9045130299745877,Low risk
240.0,0.0,1.1761396676363962,High risk
971.0,1.0,1.3732888410121369,High risk
1036.0,1.0,1.0515779668598282,High risk
811.0,1.0,1.2894031288924672,High risk
458.0,1.0,0.9584130310083862,High risk
191.0,1.0,0.8854151618867833,Low risk
139.0,1.0,1.2991303800416432,High risk
70.0,1.0,1.1196933087209455,High risk
256.0,0.0,0.8524945419186513,Low risk
723.0,1.0,0.9382572921855056,Low risk
815.0,1.0,1.0024442314481594,High risk
1063.0,1.0,0.5669481809250649,Low risk
881.0,1.0,0.7237618962970531,Low risk
708.0,0.0,1.001013071612712,High risk
854.0,1.0,0.7009505027453232,Low risk
403.0,1.0,0.9004866417071963,Low risk
315.0,0.0,0.9406936880840764,Low risk
39.0,1.0,1.190597069070049,High risk
241.0,1.0,1.2828870483990749,High risk
1747.0,1.0,0.8469558771270513,Low risk
