covariate,coef,exp(coef),hazard_ratio,se(coef),coef lower 95%,coef upper 95%,ci_lower,ci_upper,z,p,significant_p_lt_0.05
Age_years,-0.00035487295592383835,0.9996451900040357,0.9996451900040357,0.007324123803213733,-0.014709891828535281,0.014000145916687603,0.9853977700854236,1.0140986069123912,-0.04845261569283203,0.9613555272539546,False
Sex_female,0.2026749449152357,1.224674316926552,1.224674316926552,0.15222392664173187,-0.095678468887826,0.5010283587182973,0.9087561624787259,1.6504176196710278,1.331426336099208,0.18304876852433372,False
Race_asian,-0.0813111254545216,0.9219068181423078,0.9219068181423078,0.20414950028697562,-0.4814367934788433,0.3188145425698,0.6178949662588307,1.3754962052583763,-0.39829206214182,0.6904149109998605,False
Race_other,-0.01211121398099311,0.9879618315835169,0.9879618315835169,0.1850086345711355,-0.3747214745693507,0.3504990466073644,0.6874807329945227,1.4197759061760267,-0.06546296614246061,0.9478053917986238,False
Ethnicity_not hispanic or latino,-0.28591733885029985,0.7513247187451559,0.7513247187451559,0.2013220808825469,-0.6805013666727515,0.10866668897215181,0.5063630551529149,1.1147907163705288,-1.420198607112086,0.1555498690630013,False
Tumor Grade_G1,0.14923152151741068,1.160941741090486,1.160941741090486,0.29974024772557484,-0.4382485687418298,0.7367116117766512,0.6451653949739123,2.089054584616566,0.49786948082473925,0.6185760394911651,False
Tumor Grade_G3,0.42665819870928645,1.532128888584293,1.532128888584293,0.18671594673005812,0.060701667779073265,0.7926147296394996,1.062581864488927,2.209165250870892,2.285065663545714,0.022308977791358348,True
AJCC Pathologic Stage_Other,0.3371800743828782,1.4009913236731057,1.4009913236731057,0.24536044123624776,-0.14371755367102373,0.8180777024367802,0.8661323494167015,2.2661394535478983,1.37422345951123,0.1693723198527478,False
AJCC Pathologic Stage_Stage IB,-0.09541243533784016,0.9089979542676396,0.9089979542676396,0.2807098626101374,-0.6455936561588962,0.45476878548321586,0.5243511653916263,1.575808990994853,-0.33989698278023556,0.733934108909569,False
AJCC Pathologic Stage_Stage IIA,0.06193720558705025,1.0638955359348272,1.0638955359348272,0.2881723899641579,-0.5028703000815309,0.6267447112556315,0.6047922308104405,1.8715083523234204,0.2149310889733532,0.8298210457793355,False
AJCC Pathologic Stage_Stage III,0.2705519509659624,1.3106876864541723,1.3106876864541723,0.17373399092360398,-0.06996041413471005,0.6110643160666349,0.9324307302526594,1.842391242250342,1.5572770160154334,0.11940472987997948,False
