feature,hazard_ratio,95% CI,p_value,significant_p_lt_0.05
Age_years,0.9996451900040356,0.9854 - 1.0141,0.9613555272539546,False
Sex_female,1.224674316926552,0.9088 - 1.6504,0.1830487685243337,False
Race_asian,0.9219068181423078,0.6179 - 1.3755,0.6904149109998605,False
Race_other,0.9879618315835168,0.6875 - 1.4198,0.9478053917986238,False
Ethnicity_not hispanic or latino,0.7513247187451559,0.5064 - 1.1148,0.1555498690630013,False
Tumor Grade_G1,1.160941741090486,0.6452 - 2.0891,0.6185760394911651,False
Tumor Grade_G3,1.532128888584293,1.0626 - 2.2092,0.0223089777913583,True
AJCC Pathologic Stage_Other,1.4009913236731055,0.8661 - 2.2661,0.1693723198527478,False
AJCC Pathologic Stage_Stage IB,0.9089979542676396,0.5244 - 1.5758,0.733934108909569,False
AJCC Pathologic Stage_Stage IIA,1.0638955359348272,0.6048 - 1.8715,0.8298210457793355,False
AJCC Pathologic Stage_Stage III,1.3106876864541723,0.9324 - 1.8424,0.1194047298799794,False
